Run Number,Vendor,Model,User Prompt,System Prompt,Output,Input Tokens,Output Tokens
1,OpenAI,gpt-4o,hello,,Hello! How can I assist you today?,12,10
1,Gemini,gemini-2.0-flash,hello,,"Hello there! How can I help you today?
",1,11
1,Anthropic,claude-3-7-sonnet-20250219,hello,,"Hello! How can I assist you today? I'm here to help with information, answer questions, or discuss various topics. What would you like to talk about?",8,36
1,Grok,grok-3-beta,hello,,Hey there! How can I help you today? ðŸ˜Š,7,13
2,OpenAI,gpt-4o,hello,,Hello! How can I assist you today?,12,10
2,Gemini,gemini-2.0-flash,hello,,"Hello there! How can I help you today?
",1,11
2,Anthropic,claude-3-7-sonnet-20250219,hello,,"Hello! How can I assist you today? I'm here to help with any questions, provide information, or discuss topics you're interested in. What would you like to talk about?",8,40
2,Grok,grok-3-beta,hello,,Hey there! How can I help you today?,7,11
3,OpenAI,gpt-4o,hello,,Hello! How can I assist you today?,12,10
3,Gemini,gemini-2.0-flash,hello,,"Hello! How can I help you today?
",1,10
3,Anthropic,claude-3-7-sonnet-20250219,hello,,Hello! How can I help you today? I'm here to assist with any questions you might have or topics you'd like to discuss.,8,31
3,Grok,grok-3-beta,hello,,Hey there! How can I help you today?,7,11
